Articulo,Precio1,Precio,Marca,Categ,Grupo
Apoyamanos grande sin mantel,,3990,,,UÑAS
Apoyamanos con mantel,,4290,,,UÑAS
Apoyamanos chico,,3500,,,UÑAS
Apoyamanos outlet,,3500,,,UÑAS
Delantal,,7200,,,UÑAS
Balines en blíster y balines más Deco encapsular Beauty sky ,,1120,,DECO,UÑAS
Serpientes/armas strass ,,1750,,DECO,UÑAS
Brocha sirena (339),,1300,,BROCHAS,UÑAS
Brocha cola sirena ,,1410,,BROCHAS,UÑAS
Brocha ruibla azul en caja negra,,1130,,BROCHAS,UÑAS
Cabina Sun ONE 48w ,,6550,SUN,CABINAS,UÑAS
Cabina Sun x5 110w con fuente,,14840,SUN,CABINAS,UÑAS
Cadena para uñas con dije en blíster ,,1190,,DECO,UÑAS
Cadenas en cajita x6,,830,,DECO,UÑAS
Cajas guantes dedo ,,1190,,,UÑAS
Canastos celestes chicos ,,510,,,UÑAS
Canasto lila grande ,,660,,,UÑAS
Cápsulas dual professional nail tips ,,2090,CITY GIRL,CONSTRUCCIÓN,UÑAS
Cápsulas dual caja grande,,2300,CITY GIRL,CONSTRUCCIÓN,UÑAS
Cápsulas dual en caja stilettos/ coffin ,,1760,,CONSTRUCCIÓN,UÑAS
Cáspsulas dual en blister blanco ,,1760,,CONSTRUCCIÓN,UÑAS
Cápsula dual professional nail,,1600,,CONSTRUCCIÓN,UÑAS
Cepillo con mango facial/uñas ,,680,,,UÑAS
Cepillos x2 tina ,250,450,,,UÑAS
Corta cutículas + repuj ,,3170,,HERRAMIENTAS,UÑAS
Corta cuticulas Bei Bei ,,1300,,HERRAMIENTAS,UÑAS
Corta cutículas,,1590,CITY GIRL,HERRAMIENTAS,UÑAS
Corta cutículas plateado,,1600,ELOISE,HERRAMIENTAS,UÑAS
Corta cutículas tornasol,,1720,ELOISE,HERRAMIENTAS,UÑAS
Corta cuticulas soligen,,1600,,HERRAMIENTAS,UÑAS
Corta cutículas trim ,,1300,,HERRAMIENTAS,UÑAS
Corta tips con disco de medidas ,,3200,,HERRAMIENTAS,UÑAS
Corta tips rosa común,,1300,,HERRAMIENTAS,UÑAS
Crema exfoliante y humectante nail show ,,1020,,,UÑAS
Deco metal encapsular city (711) ,,1430,CITY GIRL,DECO,UÑAS
Discos metálicos uñas city girl ,,810,,,UÑAS
Dotting x5,200,810,,HERRAMIENTAS,UÑAS
Esmaltes miss cherry / neon,,810,,ESMALTES,UÑAS
Exhibidor esmaltes ,,8830,,,UÑAS
Fibron para remover esmalte,,390,,,UÑAS
Fimos en blíster ,,350,,,UÑAS
Fresas carburo ,,1950,,FRESAS,UÑAS
Fresas cerámica ,,1600,,FRESAS,UÑAS
Fresas manicuría rusa ,,3200,,FRESAS,UÑAS
Fresas metal diamantada ,,740,,FRESAS,UÑAS
Fresas pulidoras en blíster x 10,,3200,,FRESAS,UÑAS
Fresas pulidoras rosa,,580,,FRESAS,UÑAS
Discos de lijado pies,,4230,,FRESAS,UÑAS
Gel fengshangmei x30,,3440,FENGSHANMEI,,UÑAS
Gel fengshangmei x50,,5170,FENGSHANMEI,,UÑAS
Guantes caja amarilla(negros)  ,,4190,,,UÑAS
Guantes caja azul y blanca (azules),,3550,,,UÑAS
Kawaii en bolsa x10 ,,1600,,DECO,UÑAS
Kawaii en caja ,,1760,,DECO,UÑAS
Lima obelisco,,350,,LIMAS,UÑAS
Limas 80 ,,290,,LIMAS,UÑAS
Limas cilindro caja ,,1600,,LIMAS,UÑAS
Limas lavables ,,350,,LIMAS,UÑAS
Limas opi ,,230,,LIMAS,UÑAS
Limas city color,,350,CITY GIRL,LIMAS,UÑAS
Limas sk,,300,,LIMAS,UÑAS
Liners x3 tornasol (amarillo celeste rosa) ,,1600,,PINCELES,UÑAS
Liners x3 mango negro liso,,750,,PINCELES,UÑAS
Liners x3 mango negro con puntitos de colores,,1450,,PINCELES,UÑAS
Liners x1,,960,PARIS NIGHT,PINCELES,UÑAS
Liners x3,,2520,PARIS NIGHT,PINCELES,UÑAS
Liners x3 fino blanco nacarado,,1120,,PINCELES,UÑAS
Liners x3 mango transparente,,1800,,PINCELES,UÑAS
Liners x3 ZMA,,1600,,PINCELES,UÑAS
Liners x3 EzFlow,,1950,,PINCELES,UÑAS
Mariposa 3d plásticas ,,1880,,DECO,UÑAS
Mariposas y moños 3d ,,1800,,DECO,UÑAS
Mariposas y moños plásticas en blíster círculos ,,720,,DECO,UÑAS
Osos metal en blíster ,,1600,,DECO,UÑAS
Palo naranjo x100  ,,1090,,,UÑAS
Palo naranjo plástico con glitter,,810,,,UÑAS
Pedrería beauty sky piedras y strass ,,1760,,DECO,UÑAS
Piedras opal x 6 divisores (735) ,,1300,,DECO,UÑAS
Pigmento aurora  sobre rosa ,,1120,,DECO,UÑAS
Pigmento París night oro y plata  ,,1130,PARIS NIGHT,DECO,UÑAS
Pigmento y papel oro picado ,,810,,DECO,UÑAS
Pigmento torre,,1300,,DECO,UÑAS
Pincel difuminar sirena Camila show ,,890,,PINCELES,UÑAS
Pincel difuminar pata de cabra,,790,,PINCELES,UÑAS
Pincel silicona doble piedra color adentro x5,350,1600,,PINCELES,UÑAS
Pincel silicona doble y lima obelisco piedras transparente adentro ,,580,,PINCELES,UÑAS
Pincel silicona mango madera ,,350,,PINCELES,UÑAS
Pincel silicona tamaño chico x3,,1190,,PINCELES,UÑAS
Pinceles nail art one stroke x1,,430,,PINCELES,UÑAS
Pincelex x3 mango strass almendra,,1600,,PINCELES,UÑAS
Pinceles x3 cola sirena almendra,,1800,,PINCELES,UÑAS
Capuchones para remover semip manos  ,,1370,,HERRAMIENTAS,UÑAS
Capuchones para remover semip pies ,,950,,HERRAMIENTAS,UÑAS
Placa + sello + difuminador en blister ,,1450,,,UÑAS
Poligel Charm Limit x30 ,,2640,CHARM LIMIT,CONSTRUCCIÓN,UÑAS
Poligel Charm Limit x60 ,,4130,CHARM LIMIT,CONSTRUCCIÓN,UÑAS
Poligel x30,,3150,FENGSHANMEI,CONSTRUCCIÓN,UÑAS
Poligel x50 ,,4800,FENGSHANMEI,CONSTRUCCIÓN,UÑAS
Porta limas herramientas rosa ,,980,,,UÑAS
Porta tips ajedrez ,,1450,,,UÑAS
Porta tips plástico ,,1240,,,UÑAS
Repujador,,350,OPI,HERRAMIENTAS,UÑAS
Sello difuminador con repuestos,,1800,,,UÑAS
Sello silicona 10G 630 y 2606  ,,1450,,,UÑAS
Strass 5 medidas (dividido) Vicky nail ,,1190,,DECO,UÑAS
Strass city todas las medidas dorado plateado tornasol blanco ,,1020,,DECO,UÑAS
"Strass city, negro, dorado ,plata, transparente blíster surt (075) ",,1300,,DECO,UÑAS
Strass color separados  (ING decorations),,1020,,DECO,UÑAS
Strass x6 medidas de color Beauty sky art 632 ,,980,,DECO,UÑAS
Strass y dijes encapsular  en blíster x 6 divisiones ,,1020,,DECO,UÑAS
Strass y piedras en caja Beauty sky ,,1710,,DECO,UÑAS
Uñeros x50 ,,1080,,,UÑAS
Uñeros x50 stiletto,,1180,,,UÑAS
Vincha spa moño ,,1450,,,UÑAS
Top y reinforcement,,1330,CHARM LIMIT,ESMALTES,UÑAS
Base y top aprobado,,1260,CHARM LIMIT,ESMALTES,UÑAS
Esmalte tapa negra,,910,CHARM LIMIT,ESMALTES,UÑAS
Esmalte tapa negra x6,,0,CHARM LIMIT,ESMALTES,UÑAS
Esmalte tapa mismo color,,990,CHARM LIMIT,ESMALTES,UÑAS
Esmalte aprobado,,1140,CHARM LIMIT,ESMALTES,UÑAS
Esmalte aprobado x6,,0,CHARM LIMIT,ESMALTES,UÑAS
Esmalte aprobado x12,,0,CHARM LIMIT,ESMALTES,UÑAS
Esmalte reflectivo / ojo de gato / reflex,,1260,CHARM LIMIT,ESMALTES,UÑAS
Esmalte 12ml,,1140,CHARM LIMIT,ESMALTES,UÑAS
Esmalte 15ml,,1140,CHARM LIMIT,ESMALTES,UÑAS
Base rubber color,,1320,CHARM LIMIT,ESMALTES,UÑAS
Esmalte punta liner,,1320,CHARM LIMIT,ESMALTES,UÑAS
Cajas Charm Limit 12ml x5,,0,CHARM LIMIT,ESMALTES,UÑAS
Cajas Charm Limit 15ml x6,,0,CHARM LIMIT,ESMALTES,UÑAS
Cajas Charm Limit 10ml x12 tapa mismo color,,0,CHARM LIMIT,ESMALTES,UÑAS
Press gel sólido,,1370,CHARM LIMIT,,UÑAS
Base o top ,,1300,TEJAR,ESMALTES,UÑAS
Colores igual para liquidar ,,990,TEJAR,ESMALTES,UÑAS
Foils x unidad,,230,,DECO,UÑAS
Foils x caja x6,,1190,,DECO,UÑAS
Foils x caja x10,,1840,,DECO,UÑAS
Pinceles lengua de gato o almendra,,720,,PINCELES,UÑAS
Pinceles,,810,PARIS NIGHT,PINCELES,UÑAS
Polímero qbd,,920,,CONSTRUCCIÓN,UÑAS
Polímero acry,,5060,ACRYFINE,CONSTRUCCIÓN,UÑAS
Polímero color,,1600,,CONSTRUCCIÓN,UÑAS
Polímero color 10gr,,810,,CONSTRUCCIÓN,UÑAS
Monómero eloíse x50,,1600,ELOISE,CONSTRUCCIÓN,UÑAS
Monómero eloíse x100,,2250,ELOISE,CONSTRUCCIÓN,UÑAS
Monómero acry,,5450,ACRYFINE,CONSTRUCCIÓN,UÑAS
Monómero siore,,5930,ACRYFINE,CONSTRUCCIÓN,UÑAS
Navi base 15 ml,,2580,NAVI,ESMALTES,UÑAS
Top Navi 10ml,,1760,NAVI,ESMALTES,UÑAS
Capping 10ml,,1950,NAVI,,UÑAS
Capping 15ml,,3100,NAVI,,UÑAS
Esmaltes colores comunes y cover 10ml,,2060,NAVI,ESMALTES,UÑAS
Platinum,,2100,NAVI,ESMALTES,UÑAS
9D,,4180,NAVI,ESMALTES,UÑAS
Neon,,1940,NAVI,ESMALTES,UÑAS
Starshine,,2670,NAVI,ESMALTES,UÑAS
Gel spider,,1710,NAVI,,UÑAS
Poligel,,3400,NAVI,CONSTRUCCIÓN,UÑAS
Gel de construcción,,3440,NAVI,CONSTRUCCIÓN,UÑAS
Pincel almendra,,970,NAVI,PINCELES,UÑAS
Pincel lengua de gato,,810,NAVI,PINCELES,UÑAS
Limpia pincel,,810,LAS VARANO,,UÑAS
Removedor 120,,1120,LAS VARANO,REMOVEDORES,UÑAS
Removedor 250,,1950,LAS VARANO,REMOVEDORES,UÑAS
Removedor 500,,3850,LAS VARANO,REMOVEDORES,UÑAS
Removedor 1l.,,6790,LAS VARANO,REMOVEDORES,UÑAS
Primer con ácido,,910,LAS VARANO,,UÑAS
Primer sin ácido,,990,LAS VARANO,,UÑAS
Bonder,,1120,LAS VARANO,,UÑAS
Adhere,,770,LAS VARANO,,UÑAS
Superbond,,1800,LAS VARANO,,UÑAS
Removedor cutícula en gel,,800,LAS VARANO,REMOVEDORES,UÑAS
Aceite cutículas,,750,LAS VARANO,,UÑAS
Clarificador,,1290,LAS VARANO,,UÑAS
Peel off,,670,LAS VARANO,,UÑAS
Sanitizante,,1180,LAS VARANO,,UÑAS
Sanitizante,,890,LFME,,UÑAS
Pega foil ,,570,LAS VARANO,,UÑAS
Esmalte Stamping,,500,LAS VARANO,,UÑAS
Capping,,2580,LAS VARANO,,UÑAS
Solución Poligel 120ml,,870,LAS VARANO,CONSTRUCCIÓN,UÑAS
Solución Poligel 250ml,,1600,LAS VARANO,CONSTRUCCIÓN,UÑAS
Ablandador pédico,,2250,LAS VARANO,,UÑAS
Poligel 30g,,0,CHERIMOYA,CONSTRUCCIÓN,UÑAS
Poligel 50g,,5060,CHERIMOYA,CONSTRUCCIÓN,UÑAS
Esmalte Stamping,,750,CHERIMOYA,,UÑAS
Gel de construcción 15g blanco,,0,CHERIMOYA,CONSTRUCCIÓN,UÑAS
Gel de construcción 30g blanco,,5500,CHERIMOYA,CONSTRUCCIÓN,UÑAS
Solución Poligel 120ml,,980,CHERIMOYA,CONSTRUCCIÓN,UÑAS
Gel plastilina,,980,CHERIMOYA,,UÑAS
Gel paint,,1260,CHERIMOYA,,UÑAS
Semipermanente 8ml,,1580,CHERIMOYA,ESMALTES,UÑAS
Línea negra premium top/reinf,,2690,CHERIMOYA,ESMALTES,UÑAS
Línea blanca base/top/ph,,2310,CHERIMOYA,ESMALTES,UÑAS
Ultrabond,,2530,CHERIMOYA,ESMALTES,UÑAS
Primer con/sin ácido,,1430,CHERIMOYA,,UÑAS
Aceite y removedor cutículas en caja premium,,1870,CHERIMOYA,,UÑAS
Adhere,,770,CHERIMOYA,,UÑAS
Perfect Liner,,880,CHERIMOYA,,UÑAS
Tijerita,,1540,CHERIMOYA,HERRAMIENTAS,UÑAS
Lima spongee,,410,CHERIMOYA,LIMAS,UÑAS
Lima,,370,CHERIMOYA,LIMAS,UÑAS
Corta cutícula común (336),,3080,CHERIMOYA,HERRAMIENTAS,UÑAS
Corta cutícula con resorte,,0,CHERIMOYA,HERRAMIENTAS,UÑAS
Corta uñas,,480,CHERIMOYA,HERRAMIENTAS,UÑAS
Corta Tips Acero,,1820,CHERIMOYA,HERRAMIENTAS,UÑAS
Tratamientos de esmalte,,880,CHERIMOYA,,UÑAS
Limpia pincel,,980,CHERIMOYA,,UÑAS
Alicate grande (corta uñas),,2370,CHERIMOYA,HERRAMIENTAS,UÑAS
Kolinsky n°8,,8220,CHERIMOYA,PINCELES,UÑAS
Kolinsky rosa n°8 al 80%,,3710,,PINCELES,UÑAS
Pincel liner ,,3080,CHERIMOYA,PINCELES,UÑAS
Cápsula dual,,1910,CHERIMOYA,SOFT GEL,UÑAS
Repujador común,,980,CHERIMOYA,HERRAMIENTAS,UÑAS
Repujador mejor,,1130,CHERIMOYA,HERRAMIENTAS,UÑAS
Polímero 15g,,2460,CHERIMOYA,CONSTRUCCIÓN,UÑAS
Polímero 30g,,3200,CHERIMOYA,CONSTRUCCIÓN,UÑAS
Aceite cutículas,,1130,CHERIMOYA,,UÑAS
Repujador BeiBei,,720,,HERRAMIENTAS,UÑAS
Repujador BeiBei Tornasol,,980,,HERRAMIENTAS,UÑAS
Acetona 100ml,,850,MD,REMOVEDORES,UÑAS
Acetona 250ml,,1380,MD,REMOVEDORES,UÑAS
Acetona 500ml,,2370,MD,REMOVEDORES,UÑAS
Acetona 1l,,4130,MD,REMOVEDORES,UÑAS
Removedor Lfme 100ml,,870,LFME,REMOVEDORES,UÑAS
Adhere Lfme,,600,LFME,,UÑAS
Primer con ácido Lfme,,810,LFME,,UÑAS
Primer sin ácido Lfme,,880,LFME,,UÑAS
Aceite cutículas Lfme,,670,LFME,,UÑAS
Molde mariposa byn,,4800,,CONSTRUCCIÓN,UÑAS
Molde dorado,11,2190,,CONSTRUCCIÓN,UÑAS
Molde abeja,28,0,,CONSTRUCCIÓN,UÑAS
Molde,20,4400,CHERIMOYA,CONSTRUCCIÓN,UÑAS
Diamante,,1600,,,UÑAS
Diamante tornasol,,1940,,,UÑAS
Cabina bombon genérica,,1720,,CABINAS,UÑAS
Cabina bombon parís,,2880,PARIS NIGHT,CABINAS,UÑAS
Cabina bombon abierta paris,,4170,PARIS NIGHT,CABINAS,UÑAS
Linterna LED UV,,1950,,CABINAS,UÑAS
Cabina mini SUN,,1760,SUN,CABINAS,UÑAS
Pincel + espátula poligel,,1360,,PINCELES,UÑAS
Wipes caja plástica blanco x200,,1140,,,UÑAS
Wipes x700 sin pelusa,,2690,CITY GIRL,,UÑAS
Wipes caja plástica rosa x200,,1260,,,UÑAS
Cinta dual faz roja,,990,,,UÑAS
Papel oro,140,1490,,DECO,UÑAS
Papel oro blister x6,,980,,DECO,UÑAS
Tips caja x100,,1270,ELOISE,SOFT GEL,UÑAS
Tips caja x100 XL,,1950,CITY GIRL,SOFT GEL,UÑAS
Tips gel caja x500,,5970,PARIS NIGHT,SOFT GEL,UÑAS
Tips gel bolsa x500,,4590,PARIS NIGHT,SOFT GEL,UÑAS
Tips gel caja verde x500,,6090,PARIS NIGHT,SOFT GEL,UÑAS
Tips gel caja rosa x500,,5970,PARIS NIGHT,SOFT GEL,UÑAS
Tips press on pie caja x500,,5740,PARIS NIGHT,SOFT GEL,UÑAS
Tips francesas ,,3200,PARIS NIGHT,SOFT GEL,UÑAS
Tips x50,,870,PARIS NIGHT,SOFT GEL,UÑAS
Tips x100 pre limados,,0,PARIS NIGHT,SOFT GEL,UÑAS
Tips genéricos,,4800,,SOFT GEL,UÑAS
Papel aluminio,,1320,,,UÑAS
Porta fresas rectangular,,670,,,UÑAS
Organizador glitter con mini tupper adentro,,1560,,,UÑAS
Bandeja esterilizadora,,4660,,,UÑAS
Dosificador,,1290,,,UÑAS
Dosificador x100,,1090,,,UÑAS
Maniluvio,,660,,,UÑAS
Uñero anillo,,1020,,,UÑAS
Uñero x50,,1080,,,UÑAS
Bloque blanco,,380,,LIMAS,UÑAS
Lápiz de cera,,190,,,UÑAS
Cubre puntas de alicates,,510,,,UÑAS
Placa de stamping metal,,600,,,UÑAS
Bandas de lijado en caja,,1530,,,UÑAS
Diamante con círculo para fotos,,1570,,,UÑAS
Tijerita acero blister color,,670,,HERRAMIENTAS,UÑAS
Pinceles nail art Set,,1450,,PINCELES,UÑAS
Gel de construcción CITY,,1550,CITY GIRL,CONSTRUCCIÓN,UÑAS
Pegamento para uñas con pincel,,680,,,UÑAS
Pegamento para uñas con gotero,,230,,,UÑAS
Pegamento para uñas con gotero x5,,920,,,UÑAS
Broche sujeta cápsula dual,,220,,,UÑAS
Vaso dappen común,,420,,,UÑAS
Aceite cutículas lápiz,,660,,,UÑAS
Aceite cutículas con flores,,720,,,UÑAS
Stickers al agua,,490,,DECO,UÑAS
Separador de dedos pie,,270,,,UÑAS
Repujador city girl,,1020,CITY GIRL,HERRAMIENTAS,UÑAS
Repujador city girl tornasol,,1460,CITY GIRL,HERRAMIENTAS,UÑAS
Pincel acrílico sirena x3,,1410,,PINCELES,UÑAS
Pincel acrílico paris night,,1450,PARIS NIGHT,PINCELES,UÑAS
Polvo espejo + papel oro,,670,,DECO,UÑAS
Brocha quita polvillo paris night,,1300,PARIS NIGHT,BROCHAS,UÑAS
Brocha quita polvillo mango negro serda dos colores,,980,,BROCHAS,UÑAS
Gel bijou,,950,,,UÑAS
Papel aurora en blister,,600,,DECO,UÑAS
Cinta deco uñas,,140,,DECO,UÑAS
Stickers ,,440,,DECO,UÑAS
Stickers paris night,,490,PARIS NIGHT,DECO,UÑAS
Polvo unicornio/laser,,1260,,DECO,UÑAS
Navaja para cutículas,,310,,HERRAMIENTAS,UÑAS
Escofina,,810,,HERRAMIENTAS,UÑAS
Lima vidrio,,350,,LIMAS,UÑAS
Tijerita ave dorada,,2250,,HERRAMIENTAS,UÑAS
Deco nacar,,420,,DECO,UÑAS
Fibra de vidrio,,350,,,UÑAS
Porta tips vidrio tornasol Paris Night,,970,PARIS NIGHT,,UÑAS
Sello rosa esponja negra,,550,,,UÑAS
Pincel + dotting madera set x5,,1800,,PINCELES,UÑAS
Set manicuría cartuchera,,2110,,HERRAMIENTAS,UÑAS
Esmalte,,3150,MELINE,ESMALTES,UÑAS
Base y Top,,0,MELINE,ESMALTES,UÑAS
Pinceles x3 nail art mango rosa one stroke,,1450,,PINCELES,UÑAS
Gel paint EZFLOW/ELOISE,,580,,,UÑAS
"Lámpara LED para mesa, negra",,5240,,,UÑAS
Cabina portátil soft gel,,4130,,CABINAS,UÑAS
Fresas manicuría rusa x6 en caja blanca,,2120,,FRESAS,UÑAS
Fresas en caja blanca + bandas de lijado,,990,,FRESAS,UÑAS
Fresas diamantadas x30 en caja negra,,1800,,FRESAS,UÑAS
Esmalte arcoiris/ojo de gato Charm Limit,,1990,CHARM LIMIT,ESMALTES,UÑAS
Gel spider tina,,980,,,UÑAS
Gel paint Lili Angel,,980,,,UÑAS
Porta tips flor,,2110,,,UÑAS
Deco surtida x6 fingering top,,980,,DECO,UÑAS
Deco medias perlas (4h-085),,810,,DECO,UÑAS
Deco medio strass blanco-celeste zy-52,,1300,,DECO,UÑAS
Deco beauty sky strass + dijes w-946-5,,1300,,DECO,UÑAS
Deco estrellas/corazones confetti para encapsular,,1120,,DECO,UÑAS
Glitter x4 en blister etiqueta rosa (228),,660,,DECO,UÑAS
Deco dijes encapsular dorado hy,,810,,DECO,UÑAS
Top coat común secado al aire,,810,LFME,ESMALTES,UÑAS
Deco dijes en blister x24 keke,,810,,DECO,UÑAS
Deco media perla beauty sky (948),,1260,,DECO,UÑAS
Dedo de práctica,,350,,HERRAMIENTAS,UÑAS
Clarificador x100,,980,LFME,,UÑAS
Removedor mágico,,1320,CHARM LIMIT,REMOVEDORES,UÑAS
Removedor mágico,,1980,CHERIMOYA,REMOVEDORES,UÑAS
Limpia pincel-diluyente,,790,LFME,,UÑAS
Deco dijes + strass / moño,,1760,,DECO,UÑAS
Deco flores papel encapsular,,660,,DECO,UÑAS
Apoya pincel plástico,,580,,,UÑAS
Apoya pincel metal,,1600,,,UÑAS
Sello silicona stamping (897),,1350,,,UÑAS
Repujador bolsita,,510,,,UÑAS
Repujador paston,,600,,,UÑAS
Pusher estuche rosa,,870,,HERRAMIENTAS,UÑAS
Pusher tornasol,,980,,HERRAMIENTAS,UÑAS
Repujador eloise,,690,ELOISE,HERRAMIENTAS,UÑAS
Kawaii blister x6 mini,,670,,DECO,UÑAS
Tips pre limados x500,,5170,PARIS NIGHT,SOFT GEL,UÑAS
Pinceles,,1030,EZFLOW,PINCELES,UÑAS
Pinceles genéricos,,670,,PINCELES,UÑAS
Sello stamping (082),,980,,HERRAMIENTAS,UÑAS
Sello stamping (056),,1200,,HERRAMIENTAS,UÑAS
Dosificador 100ml tapa rosa,,980,,,UÑAS
Sello stamping doble fino con placa,,1450,,,UÑAS
Cabina flor,,11390,PARIS NIGHT,,UÑAS
Cabina flor genérica,,0,,,UÑAS
Deco surtida joyería City Girl en blister (544),,1590,CITY GIRL,DECO,UÑAS
Strass city (109),,1080,CITY GIRL,DECO,UÑAS
Tips para soft x120u,,1690,CHERIMOYA,SOFT GEL,UÑAS
Dije de uñas x2 city girl (147),,1590,CITY GIRL,DECO,UÑAS
Liners x5 (023),,660,,,UÑAS
Liners x3 rosa con piedras,,1460,,,UÑAS
Cápsulas Kopper,,1760,,,UÑAS
Deco surtida uñas (889),,510,,,UÑAS
Aceite de Almendras,,810,,,UÑAS
Wipes x200,,980,CHERIMOYA,,UÑAS
Corta cutículas (133),,3300,CHERIMOYA,,UÑAS
Tips City con encastre ,,1760,CITY GIRL,,UÑAS
Pestañas mix y comunes nagaraku ,,3100,NAGARAKU,,BEAU Y PEST
Pegamento duo caja verde ,,850,,,BEAU Y PEST
Pegamento Kylie/eye,,640,,,BEAU Y PEST
Perfiladores x3 ,,630,,,BEAU Y PEST
Arqueador zma lila ,,1320,,,BEAU Y PEST
Repuesto gomas arqueador ,,340,,,BEAU Y PEST
Pestañas postizas anjieer ,,960,,,BEAU Y PEST
Pestañas fantasía pluma ,,960,,,BEAU Y PEST
Pestañas magnéticas,,2980,CITY GIRL,,BEAU Y PEST
Pestañas de práctica,,1190,,,BEAU Y PEST
Quita comedones ,,330,,,BEAU Y PEST
Esponja cosmetologica x 2 ,,750,,,BEAU Y PEST
Esponja cosmetologica x 2 (568),,950,,,BEAU Y PEST
Pulpo ,,790,,,BEAU Y PEST
Pulpo + esponja ,,1190,,,BEAU Y PEST
Esponja comprimida x12 ,,1120,,,BEAU Y PEST
Aro luz ,,1890,,,BEAU Y PEST
Antifaz c/ gel ,,1700,,,BEAU Y PEST
Piedra guasha ,,1020,,,BEAU Y PEST
Roller ,,1890,,,BEAU Y PEST
Roller + guasha,,3040,,,BEAU Y PEST
Roller + guasha en kit,,5740,,,BEAU Y PEST
Limpia brochas silicona conejo ,,690,,,BEAU Y PEST
Esponja tipo beauty blender ,,540,,,BEAU Y PEST
Esponja mini x4 Goallangt ,,640,,,BEAU Y PEST
Esponja mini x6,,850,,,BEAU Y PEST
Brocha cola sirena individual,,1430,,,BEAU Y PEST
Brocha pestañas,,770,,,BEAU Y PEST
Brocha dorada Rose suave caja moño ,,1530,,,BEAU Y PEST
Set de brochas en blister transparente lila/rosa,,2710,,,BEAU Y PEST
Set de brochas en blister sirena/diamante,,2000,,,BEAU Y PEST
Brocha abanico envase rosa,,720,,,BEAU Y PEST
Brochas colorina chica,,540,,,BEAU Y PEST
Brochas colorina grande,,850,,,BEAU Y PEST
Paleta mezcladora acrílico estampada ,,750,,,BEAU Y PEST
Paleta mezcladora metal,,1720,,,BEAU Y PEST
Espátula doble cosmetólogia Sapphire ,,750,,,BEAU Y PEST
Pincel para peeling Sapphire ,,540,,,BEAU Y PEST
Set bowl espátula pincel cucharas medidoras ,,1700,,,BEAU Y PEST
Vincha lupa ,,8860,,,BEAU Y PEST
Ventiladores pestañas ,,4590,,,BEAU Y PEST
Ventiladores con pie ,,5050,,,BEAU Y PEST
Shampoo pestañas,,2290,NAVINA,,BEAU Y PEST
Parches amarillo,,2020,NAVINA,,BEAU Y PEST
Pulsera medidas pestaña,,1040,,,BEAU Y PEST
Bigudies en blister,,1260,,,BEAU Y PEST
Bigudies nube,,1030,,,BEAU Y PEST
Bigudies permanente tela,,560,,,BEAU Y PEST
Kit lifting,,4250,LASH,,BEAU Y PEST
Kit permanente ,,3900,LASH,,BEAU Y PEST
Kit color,,2870,LASH,,BEAU Y PEST
Kit laminado,,3090,LASH,,BEAU Y PEST
Pegamento lifting navina,,2380,NAVINA,,BEAU Y PEST
Micro hisopo madera,,380,,,BEAU Y PEST
Micro hisopo envase cilindro,,1260,,,BEAU Y PEST
Micro hisopo en bolsa,,1260,,,BEAU Y PEST
Cinta blanca,,420,,,BEAU Y PEST
Dosificador agua,,1260,,,BEAU Y PEST
Cepillo pestañas en caja/blister,,380,,,BEAU Y PEST
Mascarillas,,540,,,BEAU Y PEST
Limpiador forever,,2530,,,BEAU Y PEST
Mascarilla labio/ojos pilaten,,290,,,BEAU Y PEST
Mascarilla comprimida x50,70,2620,,,BEAU Y PEST
Kit lifting icosing,,9040,ICOSING,,BEAU Y PEST
Higrómetro,,4060,,,BEAU Y PEST
Pinzas navina plateada,,1710,NAVINA,,BEAU Y PEST
Pinza navina tornasol,,2180,NAVINA,,BEAU Y PEST
Pinza,,1490,CHERIMOYA,,BEAU Y PEST
Pinza nagaraku,,1710,NAGARAKU,,BEAU Y PEST
Pinza rosa/celeste,,1370,,,BEAU Y PEST
Pinza negra en blister,,540,,,BEAU Y PEST
Plancha de stickers/gemas faciales chicas,,540,,,BEAU Y PEST
Plancha de stickers/gemas faciales grandes,,800,,,BEAU Y PEST
Tijerita con peine para cejas,,570,,,BEAU Y PEST
Limpiador de pestañas nagaraku (primer),,1660,NAGARAKU,,BEAU Y PEST
Lápiz dermográfico,,680,,,BEAU Y PEST
Lápiz quirúrgico con regla,,920,,,BEAU Y PEST
Calibre,,1100,,,BEAU Y PEST
Hilo con color para cejas para mapeo,,1370,,,BEAU Y PEST
Vincha acetato cejas,,750,,,BEAU Y PEST
Film para pestañas,,1030,,,BEAU Y PEST
Guante exfoliante,,420,,,BEAU Y PEST
Pegamento para lifting dorado,,2520,NAVINA,,BEAU Y PEST
Brocha lata ,,1890,,,BEAU Y PEST
Brocha x5 glitter,,1700,,,BEAU Y PEST
Brocha paris night x9,,4990,PARIS NIGHT,,BEAU Y PEST
Aplicador de sombra x10 (difuminador),,370,,,BEAU Y PEST
Cepillo para pestañas x50,,1560,,,BEAU Y PEST
Pegamento pestañas 2-3 segundos bolsita,,0,CHERIMOYA,,BEAU Y PEST
Pegamento pestañas en caja,,6490,CHERIMOYA,,BEAU Y PEST
Espátula / cepillo cejas,,1520,CITY GIRL,,BEAU Y PEST
Gorra aluminio BAUHINIA,,750,,,BEAU Y PEST
Espónjas x2 + cisne + difuminador (363),,800,,,BEAU Y PEST
Set dispenser x3 (16931),,1700,,,BEAU Y PEST
Cisne Huda m7001,,750,,,BEAU Y PEST
Caja porta pestañas con divisiones,,1700,,,BEAU Y PEST
Pestañas postizas dudustrong,,920,,,BEAU Y PEST
Aireador pestañas,,1120,,,BEAU Y PEST
Protector de pegamento pestañas,,3370,NAVINA,,BEAU Y PEST
Agua miscelar Thelma y Louise,,1600,,,BEAU Y PEST
Brochas profesionales en brochero color manteca,,5170,,BROCHAS,BEAU Y PEST
Brochas en bolsa rosa,,5580,,BROCHAS,BEAU Y PEST
Brochas con brochero rosa y verde,,4750,,BROCHAS,BEAU Y PEST
Recipiente hermético negro para pegamento pestañas,,2090,,,BEAU Y PEST
Revelador,,690,LASH,,BEAU Y PEST
Pegamento bigudies,,990,LASH,,BEAU Y PEST
Color,,910,LASH,,BEAU Y PEST
Esponja latex shimeiyi (556),,690,,,BEAU Y PEST
Esponja tipo beauty blender hy,,540,,,BEAU Y PEST
Abridor con arito,,690,,,BEAU Y PEST
Brocha transparente con glitter lila x1,,850,,BROCHAS,BEAU Y PEST
Perfiladores mixueer x1,,630,,,BEAU Y PEST
Removedor,,2070,NAVINA,,BEAU Y PEST
Removedor,,2030,ICOSING,,BEAU Y PEST
Pinza PxP rosa,,1370,,,BEAU Y PEST
Delineador fibra gatito,,1530,PINK 21,,MAKE-UP
Delineador líquido gatito,,1710,PINK 21,,MAKE-UP
Delineador retráctil Pink 21 ,,580,PINK 21,,MAKE-UP
Delineador blanco,,270,,,MAKE-UP
Bálsamo tejar saborizado,,810,TEJAR,,MAKE-UP
Pigmentos,,810,,,MAKE-UP
Bálsamos glitter gloss,,660,,,MAKE-UP
Gloss kaliya,,660,,,MAKE-UP
Gloss magic your life,,660,,,MAKE-UP
Gloss Pink 21,,1350,PINK 21,,MAKE-UP
Gloss voluminizador carité,,1120,,,MAKE-UP
Gloss multicolor,,660,,,MAKE-UP
Gloss hold morning,,810,,,MAKE-UP
Bálsamo color animales,,810,,,MAKE-UP
Bálsamo comun color bolita,,810,,,MAKE-UP
Paleta sombras Queen B,,1710,PINK 21,,MAKE-UP
Paleta sombras Pineapple,,1710,PINK 21,,MAKE-UP
Paleta sombras Color Shock,,2750,PINK 21,,MAKE-UP
Paleta sombras Watch me,,1710,PINK 21,,MAKE-UP
Paleta sombras Shine girl,,1710,PINK 21,,MAKE-UP
Paleta sombras Bailey vs Kailey,,5150,,,MAKE-UP
Base feels ,,2410,,,MAKE-UP
Base pink 21 ,,1710,PINK 21,,MAKE-UP
Corrector pink 21 cover perfection ,,1070,,,MAKE-UP
Delineador liquido ,,1450,,,MAKE-UP
Delineador miss Demi Blanco ,,430,,,MAKE-UP
Delineador lapiz,,570,RUBY ROSE,,MAKE-UP
Delineador glitter dorado ,,1110,RUBY ROSE,,MAKE-UP
Labial for ever Matte,,1350,PINK 21,,MAKE-UP
Delineador lápiz ,,520,PINK 21,,MAKE-UP
Delineador gel negro ,,1500,RUBY ROSE,,MAKE-UP
Gloss labial hb8223/ hb8224,,1200,RUBY ROSE,,MAKE-UP
Delineador doble con sello,,1950,PINK 21,,MAKE-UP
Gel vouminizador cejas,,1500,RUBY ROSE,,MAKE-UP
Máscara pestañas mirror ,,1530,PINK 21,,MAKE-UP
mascara pestañas,,1530,PINK 21,,MAKE-UP
Máscara pestañas big lashes,,1530,PINK 21,,MAKE-UP
Delineador pink 21 verde revolución ,,1240,PINK 21,,MAKE-UP
Máscara pestañas tyg ,,1310,,,MAKE-UP
Sombra líquida gold dust pink 21 ,,1360,PINK 21,,MAKE-UP
Paleta glitter prensado mocallure ,,5000,,,MAKE-UP
Polvo compacto Ruby Rose hb7212 ,,1500,RUBY ROSE,,MAKE-UP
Paleta sombras nude Huda/imán of noble ,,3200,,,MAKE-UP
Paleta sombras Ruby Rose hb 1016/1019 ,,3020,RUBY ROSE,,MAKE-UP
Paleta sombras beauty pink 21 ,,3780,PINK 21,,MAKE-UP
Corrector y contorno hb8101 y 8095,,1760,,,MAKE-UP
Corrector hb8087 ,,4290,RUBY ROSE,,MAKE-UP
Primer hb 8117 ,,2400,RUBY ROSE,,MAKE-UP
Contorno/Iluminador Pink 21 (868),,2470,PINK 21,,MAKE-UP
Strass planchas grandes x10,630,6410,,,MAKE-UP
Strass plancha city girl tamaños surtidos x10,490,5320,CITY GIRL,,MAKE-UP
Gemas faciales chicas nena x12,180,1950,,,MAKE-UP
Gemas faciales city girl x10,490,4810,,,MAKE-UP
Gemas faciales grandes x10,615,6270,,,MAKE-UP
Rubor líquido blush Pink 21,,1450,PINK 21,,MAKE-UP
Delineador blanco moonlight,,1710,PINK 21,,MAKE-UP
Labial barra tejar (320),,580,TEJAR,,MAKE-UP
Labial tejar matte (146),,1450,TEJAR,,MAKE-UP
Labial tejar dos en uno (952),,1450,TEJAR,,MAKE-UP
Sombras for you ,,2120,PINK 21,,MAKE-UP
Sombras trend (800),,2470,PINK 21,,MAKE-UP
Tips pie x240 (2016),,2110,,,UÑAS
Cabina sun R9 110w,,13690,SUN,,UÑAS
Tijera corta cutículas,,5190,NAVI,HERRAMIENTAS,UÑAS
Piza Nagaraku plateada,,1460,NAGARAKU,,UÑAS
Difuminador en blister plateado,,450,,,UÑAS
Delineador electric love Pink 21,,1350,PINK 21,,MAKE-UP
Brocha x24 (33890),,4510,,,MAKE-UP
Brocha rosa (1006),,4510,,,MAKE-UP
Limpia brochas patita,,810,,,MAKE-UP
Guantes nitrilo NA-GLOVE,,1590,,,UÑAS
Porta wipes,,2410,,,UÑAS
Paleta good girl pink 21,,3780,PINK 21,,MAKE-UP
Base pink 21 ultra matte,,2280,PINK 21,,MAKE-UP
Sticker delineado strass,,1300,,,MAKE-UP
Mascarillas bio aqua,,570,,,BEAU Y PEST
Brochas 06 con glitter,,1600,,,MAKE-UP
Uñas postizas nena,,510,,,UÑAS
Gloss little friends,,1710,PINK 21,,MAKE-UP
Esmalte codorniz,,2100,NAVI,,UÑAS
Polvo aosiyue,120,1450,,,UÑAS
Delineador glitter Last Night,,1490,PINK 21,,MAKE-UP
Serpiente Strass City Girl x4,,1430,CITY GIRL,DECO,UÑAS
Gel bijou AoYasiyu,,810,,,UÑAS
Flores KWAI blister x6 surtidas (964),,1450,,DECO,UÑAS
Flores KWAI blister un color,,980,,DECO,UÑAS
Henna makiaj,,3480,,,BEAU Y PEST
Neutralizante ,,910,LASH,,BEAU Y PEST
Gel permanente ,,990,LASH,,BEAU Y PEST
Polvo de hadas,,1790,PINK 21,,BEAU Y PEST
Joyería (054),,1590,CITY GIRL,DECO,UÑAS
Strass (193),,1430,CITY GIRL,DECO,UÑAS
Gel bijou,,2090,CHERIMOYA,DECO,UÑAS
Corta cutícula dorado,,2300,CITY GIRL,,UÑAS
Glitter x9,190,1760,CITY GIRL,,UÑAS
Delineador magnético,,1240,,,BEAU Y PEST
Fijador maqullaje ,,2380,TEJAR,,BEAU Y PEST
Flakes aurora,,1320,,,UÑAS
Parche tela para ojos,,950,,,BEAU Y PEST
Sugar pastel ,,300,CITY GIRL,DECO,UÑAS
Deco blister ositos gominola,,720,,DECO,UÑAS
Aceite almendra pestañas,,960,,,BEAU Y PEST
Delineador marker,,1710,PINK 21,,MAKE-UP
Luz blanca con pinza XSD,,5200,,,BEAU Y PEST
Ultrabond,,1600,CHARM LIMIT,,UÑAS
Pinza depilar cejas negra,,540,,,BEAU Y PEST
Iluminador Iconic London,,1600,,,MAKE-UP
Primer Farsali,,1600,,,MAKE-UP
Bloque 3 lados tradicional,,500,,LIMAS,UÑAS
Pinza volumen tornasol,,1890,NAGARAKU,HERRAMIENTAS,BEAU Y PEST
Cinta micropor color,,570,,,BEAU Y PEST
Removedor en gel,,2090,CHERIMOYA,,UÑAS
Máscara pestañas Lucky Eyes,,1360,PINK 21,,MAKE-UP
Máscara pestañas Fly Away,,1830,PINK 21,,MAKE-UP
Gloss matte ,,1380,TEJAR,,MAKE-UP
Press gel ,,2420,CHERIMOYA,,UÑAS
Press gel sólido,,1980,CHERIMOYA,,UÑAS
Delineador boca milai,,430,,,MAKE-UP
Esponja make Shimenyi (626),,840,,,BEAU Y PEST
Primer LA,,2410,ACRYFINE,,UÑAS
Primer original,,1710,ACRYFINE,,UÑAS
Removedor 500ml,,4070,CHERIMOYA,,UÑAS
Crema Nail Show con dispenser,,1760,,,UÑAS
Máscara pestañas lashes up,,1710,PINK 21,,MAKE-UP
Rubor heart ,,1530,PINK 21,,MAKE-UP
Paleta sombras Forever Blend,,1710,PINK 21,,MAKE-UP
Máscara pestañas translúcida Moc allure,,980,PINK 21,,MAKE-UP
Iluminador High Bright,,1710,PINK 21,,MAKE-UP
Fresa rusa x4 (naranja y celeste),,1260,,,UÑAS
Sombra Intense,,3030,PINK 21,,MAKE-UP
Sanitizante Nail Show,,1450,,,UÑAS
Delineador boca Kyllie,,350,,,MAKE-UP
Labial kat,,1410,PINK 21,,MAKE-UP
Labial tinta,,1410,PINK 21,,MAKE-UP
Delineador best,,1720,PINK 21,,MAKE-UP
Máscara pestañas transparente imán of noble,,860,,,MAKE-UP
Iluminador + contorno sunshine,,1530,PINK 21,,MAKE-UP
Delineador líquido intense dorado,,1660,PINK 21,,MAKE-UP
Fixing gel neicha,,5820,NEICHA,,BEAU Y PEST
Pestañas postizas jiefei beauty,,920,,,BEAU Y PEST
Uñas press on decoradas con pegatina,,740,,,UÑAS
Brochas polvo diamante meiyani,,1120,,BROCHAS,MAKE-UP
Brocha ojos meiyani x2,,1310,,BROCHAS,BEAU Y PEST
Arqueador de pestañas,,1880,CITY GIRL,HERRAMIENTAS,BEAU Y PEST
Paletas sombras gold edition,,9270,PINK 21,,MAKE-UP
Sombras x4 Heart,,1660,PINK 21,,MAKE-UP
Rubor cuore,,1710,PINK 21,,MAKE-UP
Sombas so chick,,2280,PINK 21,,MAKE-UP
Sombras star edition ,,1910,PINK 21,,MAKE-UP
Sombras only pink,,2280,PINK 21,,MAKE-UP
Sombras glitter individuales ,,1300,TEJAR,,MAKE-UP
Shampoo pestañas ,,1360,LASH,,BEAU Y PEST
Estuche porta herramientas rosa,,1300,,HERRAMIENTAS,UÑAS
Pegatina para press on,,260,,,UÑAS
Pestañas russian elite,,4080,NEICHA,,BEAU Y PEST
Labial voluminizador karité,,1460,,,MAKE-UP
Paso 1 y 2 lifting,,1870,,,BEAU Y PEST
Dispenser agua pestañas,,1180,,,BEAU Y PEST
Máscara 4D pestañas,,1600,PINK 21,,BEAU Y PEST
Tips pre limados genéricos x504 en caja,,3900,,,UÑAS
Kit lifting (408),,11610,ICOSING,,BEAU Y PEST
Tips con encastre,,1430,CHERIMOYA,,UÑAS
Shampoo pestañas rosa/negro,,1310,LASH,,BEAU Y PEST
Labial mocallure,,1320,,,MAKE-UP
Corta cutículas,,4360,NAVI,HERRAMIENTAS,UÑAS
Brocha polvo fucsia/rosa (935),,1110,,,MAKE-UP
Set brochas (928),,1950,CITY GIRL,,MAKE-UP
Sombras matte (823),,1910,PINK 21,,MAKE-UP
Iluminador Paormis,,1760,,,MAKE-UP
Glitter spray shiny,,2760,,,MAKE-UP
Glitter spray,,2860,CHERIMOYA,,MAKE-UP
Imán doble,,1200,,,UÑAS
Liner negro con morado,,1560,,,UÑAS
Pompones x6 en blister,,1600,,,UÑAS
Solución Poligel,,740,LFME,,UÑAS
Porta sticker,,2390,,,UÑAS
Peine cepillo negro,,1090,,,BEAU Y PEST
Cabina SUN 180w,,13400,SUN,,UÑAS
Bandas de lijado en bolsa,,1020,,,UÑAS
Tips coffin XL,,2410,CITY GIRL,,UÑAS
Tips genéricos x240 (934),,2060,,,UÑAS
Necesser rígido chico,,4830,,,MAKE-UP
Necesser rígido mediano,,7350,,,MAKE-UP
Necesser rígido grande,,12080,,,MAKE-UP
Necesser rígido x3,,22890,,,MAKE-UP
Wipes Tela,,2250,CITY GIRL,,UÑAS
Nail glue,,760,CHERIMOYA,,UÑAS
Pegamento permanente,,990,LASH,,BEAU Y PEST
Sello estamping sin tapa (129),,1090,,,UÑAS
Clarificador,,980,LFME,,UÑAS
Corta cutícula + repujador plateado,,2870,ZETA,,UÑAS
Jabón cejas,,980,,,BEAU Y PEST
Cabina SUN M3,,15870,SUN,,UÑAS
Top con efecto,,1320,CHARM LIMIT,,UÑAS
Wipes x300,,1710,CITY GIRL,,UÑAS
Spray fijador glitter ushas,,3070,,,MAKE-UP
Niebla facial,,3190,RUBY ROSE,,MAKE-UP
Gel hidratante hb406,,2180,RUBY ROSE,,MAKE-UP
Suero facial hb415,,1920,RUBY ROSE,,MAKE-UP
Base hb8053,,2520,RUBY ROSE,,MAKE-UP
Base hb8051 natural look,,2290,RUBY ROSE,,MAKE-UP
Iluminador/contorno hb7524 feels mood,,5170,RUBY ROSE,,MAKE-UP
Contorno lobely,,4100,RUBY ROSE,,MAKE-UP
Rubor blush blossom hb6112,,4250,RUBY ROSE,,MAKE-UP
Iluminador/bronzer/blush feels mood hb7528,,5170,RUBY ROSE,,MAKE-UP
Contorno/iluminador feels mood hb7526,,3100,RUBY ROSE,,MAKE-UP
Sombras hb9354,,1780,RUBY ROSE,,MAKE-UP
Corrector hb8102,,1650,RUBY ROSE,,MAKE-UP
Gloss lip oil,,1320,RUBY ROSE,,MAKE-UP
Press gel sólido,,3410,NAVI,,UÑAS
Wipes x700,,2420,CHERIMOYA,,UÑAS
Pestañas abanico,,1460,NAVINA,,BEAU Y PEST
Primer limpiador pestañas,,1750,NAGARAKU,,BEAU Y PEST
Primer limpiador pestañas,,2030,NAVINA,,BEAU Y PEST
Removedor pestañas,,2510,NAGARAKU,,BEAU Y PEST
Espejo pestaña metal,,1070,,HERRAMIENTAS,BEAU Y PEST
Uñas postizas decoradas x24,,1330,CITY GIRL,,UÑAS
Tips x240,,3320,CITY GIRL,,UÑAS
Tips plancha x24,,440,CITY GIRL,,UÑAS
Pegamento nail glue,,660,CHERIMOYA,,UÑAS
Invisibles x36,,410,,,BEAU Y PEST
Cisne tela con cinta,,300,,,BEAU Y PEST
Perlas adhesivas cara,,570,CITY GIRL,,BEAU Y PEST
Gloss lip oil,,1730,DAPOP,,MAKE-UP
Aplicador labial,,1260,,,MAKE-UP
Strass adhesivo rostro holo,,570,CITY GIRL,,BEAU Y PEST
Sahumerios,,350,,,
Canastos 4 divisiones (706),,1500,,,
Canasto redondo celete chico,,450,,,
Canasto redondo flores mediano,,500,,,
Mini canasto verde con manijas,,380,,,
Canasto rectangular flores,,530,,,
Cápsulas dual,,2180,PARIS NIGHT,,UÑAS
Porta hisopos acrílico,,2530,,,
Organizado strass (20045),,2060,,,
Brochas x12 (40512),,5170,PARIS NIGHT,,MAKE-UP
Brochas x5 (40105),,4900,PARIS NIGHT,,MAKE-UP
Brochas x24 estuche negro pro,,15990,PARIS NIGHT,,MAKE-UP
Pincel mini almendra,,1140,PARIS NIGHT,,MAKE-UP
Brocha abanico negro (40665),,1140,PARIS NIGHT,,MAKE-UP
Brocha osito (40210/07/03),,1140,PARIS NIGHT,,MAKE-UP
Brocha rosa base (40405),,1720,PARIS NIGHT,,MAKE-UP
Brocha corrector madera (40659),,1140,PARIS NIGHT,,MAKE-UP
Pora pincel acrílico mariposa (86-2),,2060,PARIS NIGHT,,
Maletín maquillaje negro,,13680,PARIS NIGHT,,
Esponja tipo beuty blender,,1200,RUBY ROSE,,MAKE-UP
Pestañas práctica blister blanco,,1140,,,BEAU Y PEST
Delineador doble lápiz ,,530,PINK 21,,MAKE-UP
Paleta mezcladora resina,,1490,,,UÑAS
Sombras roulette,,2060,PINK 21,,MAKE-UP
Contorno/blush/iluminador Melu,,2290,,,MAKE-UP
Glow (787),,1490,PINK 21,,MAKE-UP
Top tradicional,,770,CHERIMOYA,,UÑAS
Gel de limipieza Ruby Skin,,2520,RUBY ROSE,,MAKE-UP
Máscara pestañas plateada Pola,,1030,,,MAKE-UP
Esmalte ,,1500,CITY GIRL,,UÑAS
Gloss mini tango,,1140,,,MAKE-UP
Delineador Kajal,,910,RUBY ROSE,,MAKE-UP
Corta tips (885),,1270,,,UÑAS
Removedor cutículas,,570,LFME,,UÑAS
Labial dream lips,,990,RUBY ROSE,,MAKE-UP
Polvo volátil,,1720,PINK 21,,MAKE-UP
Corrector (8098),,3290,RUBY ROSE,,MAKE-UP
Herramienta plástico delineado,,350,,,MAKE-UP
Polvo translúcido (224),,3290,RUBY ROSE,,MAKE-UP
Corta tips tornasol,,2070,,,UÑAS
Labial doble,,1490,PINK 21,,MAKE-UP
Cabina Max,,14840,,,UÑAS
Cabina Plus,,13690,,,UÑAS
Campos descartables,,1500,,,UÑAS
Lima spongee,,350,ELOISE,,UÑAS
Wipes etiqueta roja,,1490,,,UÑAS
Polvo aurora envase negro,,1140,,,UÑAS
Pestañas postizas 6D envase celeste y plateado,,690,,,BEAU Y PEST
Uñeros circulares,140,1260,,,UÑAS
Envase atomizador,,340,,,MAKE-UP
Paleta maqullaje (618) 80 colores,,7580,,,MAKE-UP
Paleta maqullaje (717) 48 colores,,5630,,,MAKE-UP
Paleta maqullaje (953) unicornio,,6430,,,MAKE-UP
Paleta maquillaje (103) zodíaco,,6430,,,MAKE-UP
Paleta maquillaje (228) Frida,,9770,,,MAKE-UP
Paleta maquilllaje (973) 35 colores,,3900,,,MAKE-UP
Nano mister,,2290,,,MAKE-UP
Labial glitter y gloss barra,,1380,,,MAKE-UP
Set brochas kabuki en brochero,,4590,,,MAKE-UP
Pinceles macarón x8,,5400,PARIS NIGHT,,UÑAS
Pinza pestañas,,1320,CHERIMOYA,,BEAU Y PEST
Set brochas x12 (40512),,4590,PARIS NIGHT,,MAKE-UP
Liners fluo rosa x3,,1490,,,UÑAS
Pinceles x3 blancos (032),,1140,,,UÑAS
"Mascarillas bioaqua, etc",,570,,,MAKE-UP
Iluminador Melu (1086-1),,1720,,,MAKE-UP
Pegamento bigudies,,1950,ICOSING,,BEAU Y PEST
Pincel esponja difuminar con tres repuestos,,1850,,,UÑAS
Pinza en blister acrílico rosé,,4130,NAVINA,,UÑAS
Pegamento lifting STARCOLORS,,2290,STARCOLORS,,BEAU Y PEST
Tips soft gel x550 en caja genéricos,,4360,,,UÑAS
Polvo reflectivo,,1030,CITY GIRL,,UÑAS
Crema de ordeñe Thelma y Louise,,2180,,,BEAU Y PEST
Manteca corporal Thelma y Louise,,1720,,,BEAU Y PEST
Paleta de sombras Alicia en el pais de las maravillas (116),,10340,,,MAKE-UP
Armas deco,,1030,,DECO,UÑAS
Alicate corta uñas AIMINI (534),,1720,,HERRAMIENTAS,UÑAS
Moldes papel uñas Zeta,,4250,,,UÑAS
Katana,,1260,,,UÑAS
Deco papel oro + nacar (M124),,1490,,DECO,UÑAS
Repujador (435),,1270,CITY GIRL,HERRAMIENTAS,UÑAS
Repujador (459),,1490,CITY GIRL,HERRAMIENTAS,UÑAS
Brochas x5 mango rosa envase holo,,1600,,BROCHAS,MAKE-UP
Capping negro con banda verde,,1490,CHARM LIMIT,,UÑAS
Pinza depilación cejas dorada,,910,,,BEAU Y PEST
Paleta chica chupetín 68 colores (428),,7470,,,MAKE-UP
Quita esmalte pinki,,1490,,,UÑAS
Ultrabond,,1500,CHARM LIMIT,,UÑAS
Pestañas práctica x10 pares caja blanca con acrílico cartón frente,,1950,,,BEAU Y PEST
Pegamento pestañas pxp rojo,,4130,NAVINA,,BEAU Y PEST
Gel de limpieza Thelma y Louise,,1830,,,MAKE-UP
Crema exfoliante aceite de coco Thelma y Louise,,2870,,,MAKE-UP
Luz blanca (556),,10110,,,
Removedor pestañas,,1650,CHERIMOYA,,BEAU Y PEST
Aurora x2,,1260,,,UÑAS
Fresas x10 retirado y rusas,,3210,,,UÑAS
Pestañas postizas it’s beauty,,1030,,,BEAU Y PEST
Pegamento pestañas secado rápido violeta,,4590,NAVINA,,BEAU Y PEST
Ventilador SQ2240,,3210,,,BEAU Y PEST
Gel fortalecedor dermo lash,,3440,,,BEAU Y PEST
Deco Myco surtidas,,910,,,UÑAS
Tijera molde,,800,CITY GIRL,,UÑAS
Parches tela para pestañas,,1140,,,BEAU Y PEST
Anillos rosa en bolsa para pestañas,,1380,,,BEAU Y PEST
Molde dorado ancho,,3680,,,UÑAS
Polvo espejo,,1260,PARIS NIGHT,,UÑAS
Polvo espejo bolsa rosa,,960,,,UÑAS
Mascarilla facial + exfoliante hb505,,2390,RUBY ROSE,,MAKE-UP
Caviar surtido (123/026),,1200,,,UÑAS
Gel sólido diamond,,3690,NAVI,,UÑAS
Flores secas en blister plástico,,1750,,DECO,UÑAS
Monómero vidrio,,1300,EZFLOW,,UÑAS
Polvo uñas (125),,690,,,UÑAS
Polvo uñas (206),,790,,,UÑAS
Espejo de uñas metal (144),,1750,,,UÑAS
Delineador líquido flex,,1090,PINK 21,,MAKE-UP
Cara práctica flexible,,1190,,,MAKE-UP
Gel spider,,1200,CITY GIRL,,UÑAS
Set brochas en caja chica,,2890,CITY GIRL,,MAKE-UP
Mascarilla facial mono dosis RUBYSKIN,,950,RUBY ROSE,,MAKE-UP
Pincel esponja difuminar en bolsa (243),,990,,,UÑAS
Espuma limpiadora desmaquillante hb503/hb203,,4590,RUBY ROSE,,MAKE-UP
